N50,contrast,sum,image
0,0.36103842,205582400.0,rs930101n00
0,0.26712686,172895470.0,rs930201n00
0,0.18371478,155639820.0,rs930202n00
0,0.27694315,161760350.0,rs930203n00
0,0.5349698,168879820.0,rs930204n00
0,0.56881243,166154850.0,rs930205n00
0,0.47270727,195474130.0,rs930206n00
0,0.47019628,254257760.0,rs930207n00
0,0.39844647,286784480.0,rs930208n00
0,0.24715017,230399940.0,rs930209n00
0,0.28171325,203152900.0,rs930210n00
0,0.2798359,212699800.0,rs930301n00
0,0.24707897,170245710.0,rs930302n00
0,0.18579234,137067840.0,rs930303n00
0,0.17706014,127804540.0,rs930304n00
0,0.20644328,135041250.0,rs930305n00
0,0.45421058,123781060.0,rs930306n00
0,0.40890914,127128590.0,rs930307n00
0,0.56956387,125478260.0,rs930308n00
0,0.686326,142935260.0,rs930309n00
0,0.46027005,200149060.0,rs930310n00
0,0.45004755,250605840.0,rs930311n00
0,0.5290247,402044350.0,rs930312n00
0,0.47522682,378321300.0,rs930313n00
0,0.34330928,315180380.0,rs930314n00
0,0.36239657,267823580.0,rs930315n00
0,0.297369,239933020.0,rs930316n00
0,0.44850907,186134240.0,rs930401n00
0,0.22138143,193724960.0,rs930402n00
0,0.24284549,171532860.0,rs930403n00
0,0.20351866,136410960.0,rs930404n00
0,0.14965877,116711760.0,rs930405n00
0,0.17079967,112963580.0,rs930406n00
0,0.1983031,117018296.0,rs930407n00
0,0.4549208,100937310.0,rs930408n00
0,0.3692568,117649176.0,rs930409n00
0,0.49338013,112079800.0,rs930410n00
0,0.6184432,152919870.0,rs930411n00
0,0.6232136,183580210.0,rs930412n00
4276,0.9970744,156228340.0,rs930413n00
3527,0.9944004,197364860.0,rs930414n00
0,0.48468512,323862370.0,rs930415n00
0,0.6295909,491014100.0,rs930416n00
0,0.6617812,752730600.0,rs930417n00
0,0.5850143,492967500.0,rs930418n00
0,0.53554523,316476580.0,rs930419n00
0,0.5762459,215254750.0,rs930420n00
0,0.728354,157857170.0,rs930421n00
0,0.41985527,162327540.0,rs930422n00
0,0.4534043,121199860.0,rs930501n00
0,0.45971712,153821400.0,rs930502n00
0,0.1974273,171019500.0,rs930503n00
0,0.18917057,164998370.0,rs930504n00
0,0.23810244,142348640.0,rs930505n00
0,0.19141896,118969570.0,rs930506n00
0,0.19316132,104376190.0,rs930507n00
0,0.19852956,98220370.0,rs930508n00
0,0.4681752,95509224.0,rs930509n00
0,0.48161885,96115880.0,rs930510n00
0,0.22812542,111752520.0,rs930511n00
0,0.45705584,111084240.0,rs930512n00
0,0.45488855,151398300.0,rs930513n00
0,0.40815234,176207650.0,rs930514n00
0,0.35465202,166927490.0,rs930515n00
0,0.30504224,159592350.0,rs930516n00
0,0.38377076,198892370.0,rs930517n00
0,0.4922919,277455000.0,rs930518n00
0,0.46983358,370658720.0,rs930519n00
0,0.56858706,622389600.0,rs930520n00
0,0.8979959,1999760600.0,rs930521n00
0,0.92029774,2011554200.0,rs930522n00
0,0.59186745,576650560.0,rs930523n00
0,0.42691666,357187840.0,rs930524n00
0,0.39474297,241662350.0,rs930525n00
0,0.50166124,177681330.0,rs930526n00
0,0.41725782,162160020.0,rs930527n00
0,0.43081087,138251940.0,rs930528n00
0,0.43841088,119037300.0,rs930601n00
0,0.5126489,103910570.0,rs930602n00
0,0.5436001,143523760.0,rs930603n00
0,0.13268921,159133260.0,rs930604n00
0,0.21609232,155701950.0,rs930605n00
0,0.23413871,145250670.0,rs930606n00
0,0.22073619,121811430.0,rs930607n00
0,0.24264258,101103140.0,rs930608n00
0,0.27986097,91164730.0,rs930609n00
0,0.40484917,87388570.0,rs930610n00
0,0.5183263,89278860.0,rs930611n00
0,0.19025044,110070280.0,rs930612n00
0,0.34148037,107501944.0,rs930613n00
0,0.4021439,125739040.0,rs930614n00
0,0.22433956,158466480.0,rs930615n00
0,0.42261106,155512500.0,rs930616n00
0,0.67794967,121424670.0,rs930617n00
0,0.4150238,130037920.0,rs930618n00
0,0.5225948,157529040.0,rs930619n00
0,0.30107805,188850320.0,rs930620n00
0,0.32576722,213005380.0,rs930621n00
0,0.3383437,297235500.0,rs930622n00
0,0.46284518,445509440.0,rs930623n00
0,0.65627927,575460000.0,rs930624n00
0,0.77675956,1081502100.0,rs930625n00
0,0.7931431,856521150.0,rs930626n00
0,0.50511014,564438850.0,rs930627n00
0,0.35779554,354015520.0,rs930628n00
0,0.37699613,268210300.0,rs930629n00
0,0.36794207,219424080.0,rs930630n00
0,0.30353662,160495000.0,rs930631n00
0,0.20909207,150071620.0,rs930632n00
0,0.36273655,148643070.0,rs930633n00
0,0.28819954,133310140.0,rs930701n00
0,0.4423682,100033690.0,rs930702n00
0,0.6302396,88971570.0,rs930703n00
0,0.6649475,139665650.0,rs930704n00
0,0.13982084,147289820.0,rs930705n00
0,0.22465988,144114400.0,rs930706n00
0,0.2032977,146679340.0,rs930707n00
0,0.13437536,129072160.0,rs930708n00
0,0.19655997,108826640.0,rs930709n00
0,0.18421337,91656904.0,rs930710n00
0,0.37643355,79408270.0,rs930711n00
0,0.46651152,81824750.0,rs930712n00
0,0.518995,91778580.0,rs930713n00
0,0.624018,97961790.0,rs930714n00
0,0.397522,102912856.0,rs930715n00
0,0.41075924,114420270.0,rs930716n00
0,0.3951419,139896000.0,rs930717n00
0,0.14523879,149030530.0,rs930718n00
0,0.65102154,126952880.0,rs930719n00
0,0.60469157,104126376.0,rs930720n00
0,0.47619048,107440104.0,rs930721n00
0,0.5611883,142876060.0,rs930722n00
0,0.21744783,156919230.0,rs930723n00
0,0.2938343,184576900.0,rs930724n00
0,0.39737302,242359980.0,rs930725n00
0,0.37408006,303645860.0,rs930726n00
0,0.5630501,279836380.0,rs930727n00
0,0.6004885,300399200.0,rs930728n00
0,0.5227716,475032640.0,rs930729n00
0,0.4242806,601201500.0,rs930730n00
0,0.5323856,368757540.0,rs930731n00
0,0.40818256,357328200.0,rs930732n00
0,0.28836548,341345440.0,rs930733n00
0,0.24698403,267109980.0,rs930734n00
0,0.20740671,204578770.0,rs930735n00
0,0.2975488,189106400.0,rs930736n00
0,0.48406824,142830860.0,rs930737n00
0,0.22276331,120456560.0,rs930738n00
0,0.24133882,137252400.0,rs930739n00
0,0.5837502,130940170.0,rs930801n00
0,0.55881166,114912510.0,rs930802n00
0,0.4572706,89863310.0,rs930803n00
0,0.76237726,87084730.0,rs930804n00
0,0.76589155,141596270.0,rs930805n00
0,0.1250279,137592640.0,rs930806n00
0,0.21812674,136922220.0,rs930807n00
0,0.18219864,139419870.0,rs930808n00
0,0.12682691,127227600.0,rs930809n00
0,0.352276,108415496.0,rs930810n00
0,0.23063919,91991750.0,rs930811n00
0,0.15800819,77752920.0,rs930812n00
0,0.4262645,82426560.0,rs930813n00
0,0.51073104,92864250.0,rs930814n00
0,0.19984621,115987030.0,rs930815n00
0,0.41701263,99613380.0,rs930816n00
0,0.40272695,102313110.0,rs930817n00
0,0.28412428,128253730.0,rs930818n00
0,0.15109783,138995490.0,rs930819n00
0,0.2970352,133856140.0,rs930820n00
0,0.3726698,104372950.0,rs930821n00
0,0.26954672,97533710.0,rs930822n00
0,0.32791632,108864820.0,rs930823n00
0,0.31697515,131843490.0,rs930824n00
0,0.15610833,153693090.0,rs930825n00
0,0.27634627,190802720.0,rs930826n00
0,0.3055622,214041710.0,rs930827n00
0,0.5945012,213825260.0,rs930828n00
0,0.5730677,194033900.0,rs930829n00
0,0.6096974,182982050.0,rs930830n00
0,0.41971403,274019500.0,rs930831n00
0,0.34005398,365682100.0,rs930832n00
0,0.30452266,410864540.0,rs930833n00
0,0.4945722,285617120.0,rs930834n00
0,0.37425295,215805710.0,rs930835n00
0,0.44950235,265619470.0,rs930836n00
0,0.2361174,268625950.0,rs930837n00
0,0.20248073,233957760.0,rs930838n00
0,0.2413153,196669810.0,rs930839n00
0,0.1907046,169309260.0,rs930840n00
0,0.3763888,148618820.0,rs930841n00
0,0.6590046,102619760.0,rs930842n00
0,0.80788434,103241350.0,rs930843n00
0,0.60551715,111581210.0,rs930901n00
0,0.67764896,100004930.0,rs930902n00
0,0.4396432,92946810.0,rs930903n00
0,0.48448336,79945580.0,rs930904n00
0,0.8006319,83890060.0,rs930905n00
0,0.6931663,134969020.0,rs930906n00
0,0.12878719,129887240.0,rs930907n00
0,0.278363,127039750.0,rs930908n00
0,0.23604746,132495800.0,rs930909n00
0,0.08132993,125156210.0,rs930910n00
0,0.3268409,116320600.0,rs930911n00
0,0.24646227,99332500.0,rs930912n00
0,0.1787539,83689620.0,rs930913n00
0,0.20295174,88025270.0,rs930914n00
0,0.5111839,92075530.0,rs930915n00
0,0.21784054,113961390.0,rs930916n00
0,0.33418837,110450130.0,rs930917n00
0,0.44877753,93437130.0,rs930918n00
0,0.3506595,106768610.0,rs930919n00
0,0.16993658,123510420.0,rs930920n00
0,0.15641434,130934570.0,rs930921n00
0,0.43815833,115360584.0,rs930922n00
0,0.2961886,102466300.0,rs930923n00
6895,0.9971962,67140090.0,rs930924n00
0,0.606895,97689470.0,rs930925n00
0,0.18502045,129451464.0,rs930926n00
0,0.13575153,146597010.0,rs930927n00
0,0.19528699,168434160.0,rs930928n00
0,0.35840142,184415040.0,rs930929n00
0,0.34993613,177000100.0,rs930930n00
0,0.35688254,183447520.0,rs930931n00
0,0.5867312,155442740.0,rs930932n00
0,0.6247428,144825360.0,rs930933n00
0,0.32772803,204950110.0,rs930934n00
0,0.40775904,249165390.0,rs930935n00
0,0.19537419,304472600.0,rs930936n00
0,0.2787621,296781600.0,rs930937n00
0,0.54055196,243693600.0,rs930938n00
0,0.3845601,154822860.0,rs930939n00
0,0.44059268,186007650.0,rs930940n00
0,0.24202107,219506660.0,rs930941n00
0,0.4021867,196566850.0,rs930942n00
0,0.30413327,183814850.0,rs930943n00
0,0.22055426,180164800.0,rs930944n00
0,0.16492464,162964420.0,rs930945n00
0,0.3597394,152363310.0,rs930946n00
0,0.8538049,116325690.0,rs930947n00
0,0.78829885,93157070.0,rs930948n00
0,0.5845543,95382570.0,rs931001n00
0,0.59032226,122016130.0,rs931002n00
0,0.21157329,111253170.0,rs931003n00
0,0.46795693,92649624.0,rs931004n00
0,0.6057926,75353100.0,rs931005n00
0,0.8000879,87979240.0,rs931006n00
0,0.16874732,129323336.0,rs931007n00
0,0.2006376,119382200.0,rs931008n00
0,0.3313154,118407760.0,rs931009n00
0,0.23534843,127961016.0,rs931010n00
0,0.07938859,121150850.0,rs931011n00
0,0.09412984,118566530.0,rs931012n00
0,0.2621868,104552344.0,rs931013n00
0,0.24948047,85642810.0,rs931014n00
0,0.2151453,87256780.0,rs931015n00
0,0.4436392,94253870.0,rs931016n00
0,0.14818838,116215070.0,rs931017n00
0,0.31649894,105540856.0,rs931018n00
0,0.56058294,86884820.0,rs931019n00
0,0.3886252,91008750.0,rs931020n00
0,0.3056142,112779336.0,rs931021n00
0,0.18060786,121355096.0,rs931022n00
0,0.3604733,116908030.0,rs931023n00
0,0.39964125,108220504.0,rs931024n00
0,0.4016769,81474830.0,rs931025n00
0,0.54261905,80211720.0,rs931026n00
0,0.4389478,117810150.0,rs931027n00
0,0.15470277,137463950.0,rs931028n00
0,0.12273428,147566000.0,rs931029n00
0,0.26616174,157126850.0,rs931030n00
0,0.35627806,145537150.0,rs931031n00
0,0.27329603,164178850.0,rs931032n00
0,0.28904977,166553420.0,rs931033n00
0,0.39420888,141685440.0,rs931034n00
0,0.58065605,98413250.0,rs931035n00
0,0.4982852,187454140.0,rs931036n00
0,0.39135048,177265940.0,rs931037n00
0,0.2929153,236899360.0,rs931038n00
0,0.14698261,252875920.0,rs931039n00
0,0.22107734,248532450.0,rs931040n00
0,0.34995058,224460110.0,rs931041n00
0,0.4193143,172594700.0,rs931042n00
0,0.35875267,142429890.0,rs931043n00
0,0.43397295,179082940.0,rs931044n00
0,0.2918449,187639790.0,rs931045n00
0,0.34409416,169504030.0,rs931046n00
0,0.3211701,157112960.0,rs931047n00
0,0.25356746,159024720.0,rs931048n00
0,0.19489466,155273800.0,rs931049n00
0,0.30775064,152165810.0,rs931050n00
0,0.46643397,131803980.0,rs931051n00
0,0.61048853,93266456.0,rs931052n00
0,0.5655519,90400660.0,rs931101n00
0,0.58446765,103909770.0,rs931102n00
0,0.17142144,120111704.0,rs931103n00
0,0.17750427,97483610.0,rs931104n00
0,0.6757614,72194910.0,rs931105n00
0,0.7299966,72739176.0,rs931106n00
255,0.87101007,100922500.0,rs931107n00
0,0.1263621,121745250.0,rs931108n00
0,0.28299302,104706430.0,rs931109n00
0,0.40422976,127420150.0,rs931110n00
0,0.15919627,121098616.0,rs931111n00
0,0.07588246,118349976.0,rs931112n00
0,0.08947632,116434850.0,rs931113n00
0,0.28553492,105914570.0,rs931114n00
0,0.22101736,89760790.0,rs931115n00
0,0.22785781,98688776.0,rs931116n00
0,0.36965746,102134670.0,rs931117n00
0,0.0993793,114402410.0,rs931118n00
0,0.49508366,103954264.0,rs931119n00
0,0.74543226,80656040.0,rs931120n00
0,0.3811752,92318790.0,rs931121n00
0,0.22404228,108283950.0,rs931122n00
0,0.22785781,118276664.0,rs931123n00
0,0.2213049,112002330.0,rs931124n00
0,0.34165913,109615740.0,rs931125n00
0,0.377604,79374870.0,rs931126n00
0,0.42688555,80027420.0,rs931127n00
0,0.3819907,110400504.0,rs931128n00
0,0.24305765,131664024.0,rs931129n00
0,0.100468464,136341380.0,rs931130n00
0,0.179645,143237150.0,rs931131n00
0,0.36239654,133090580.0,rs931132n00
0,0.28732783,135281570.0,rs931133n00
0,0.255994,147801730.0,rs931134n00
0,0.3071507,154076110.0,rs931135n00
0,0.56978947,99465800.0,rs931136n00
0,0.60688543,109649160.0,rs931137n00
0,0.25534442,182082130.0,rs931138n00
0,0.42031685,160417120.0,rs931139n00
0,0.1670822,205121740.0,rs931140n00
0,0.119439706,214645660.0,rs931141n00
0,0.20041764,203792740.0,rs931142n00
0,0.29202318,193956700.0,rs931143n00
0,0.2365139,187754860.0,rs931144n00
0,0.7358091,120280480.0,rs931145n00
0,0.41784036,123402070.0,rs931146n00
0,0.35515627,168272180.0,rs931147n00
0,0.4103039,156937870.0,rs931148n00
0,0.3142548,145246050.0,rs931149n00
0,0.2880363,131682600.0,rs931150n00
0,0.1739185,149939300.0,rs931151n00
0,0.0981634,145451500.0,rs931152n00
0,0.08867702,139928140.0,rs931153n00
0,0.45192307,141763060.0,rs931154n00
0,0.7310476,94608880.0,rs931155n00
2126,0.9116686,86870560.0,rs931201n00
1452,0.9089982,87839010.0,rs931202n00
0,0.47283968,104794820.0,rs931203n00
0,0.19033694,106737660.0,rs931204n00
0,0.49140894,83047150.0,rs931205n00
1212,0.8113322,58172420.0,rs931206n00
0,0.7895685,83010910.0,rs931207n00
0,0.67721957,118807704.0,rs931208n00
0,0.14692754,110270110.0,rs931209n00
0,0.6034745,86108040.0,rs931210n00
0,0.44284457,128041020.0,rs931211n00
0,0.06661895,117252610.0,rs931212n00
0,0.062966324,116580776.0,rs931213n00
0,0.17579302,112803380.0,rs931214n00
0,0.47695562,97111480.0,rs931215n00
0,0.1661743,94446150.0,rs931216n00
0,0.36678764,103526370.0,rs931217n00
0,0.3713927,103126540.0,rs931218n00
0,0.09895526,112297490.0,rs931219n00
0,0.5188782,93440840.0,rs931220n00
0,0.7394097,80462860.0,rs931221n00
0,0.5471093,84926670.0,rs931222n00
0,0.5581075,97212560.0,rs931223n00
0,0.21960025,114462024.0,rs931224n00
0,0.20664325,108684630.0,rs931225n00
0,0.18545584,113660150.0,rs931226n00
0,0.714824,81396180.0,rs931227n00
0,0.428036,77318740.0,rs931228n00
0,0.35071522,110922410.0,rs931229n00
0,0.19599217,124934904.0,rs931230n00
0,0.07889101,127513976.0,rs931231n00
0,0.19526519,131186650.0,rs931232n00
0,0.42412585,126268000.0,rs931233n00
0,0.23130976,112301720.0,rs931234n00
0,0.255104,125828700.0,rs931235n00
0,0.25457537,141911260.0,rs931236n00
0,0.2930429,120521736.0,rs931237n00
0,0.37841532,82761760.0,rs931238n00
0,0.5434655,129183310.0,rs931239n00
0,0.23075478,163546220.0,rs931240n00
0,0.43115464,152198990.0,rs931241n00
0,0.20104833,182003220.0,rs931242n00
0,0.108397454,186918180.0,rs931243n00
0,0.2198273,180547860.0,rs931244n00
0,0.4682529,162203600.0,rs931245n00
0,0.47555897,152292660.0,rs931246n00
0,0.36583233,147786300.0,rs931247n00
0,0.35765484,114794340.0,rs931248n00
0,0.3492691,131198660.0,rs931249n00
0,0.32595497,154771620.0,rs931250n00
0,0.36681616,136879870.0,rs931251n00
0,0.8009783,107030280.0,rs931252n00
0,0.56372136,105255710.0,rs931253n00
0,0.56839937,135831070.0,rs931254n00
0,0.115700245,135755060.0,rs931255n00
0,0.07524444,130907830.0,rs931256n00
0,0.33188355,133337290.0,rs931257n00
0,0.5716718,112504184.0,rs931258n00
4149,0.9437062,74057576.0,rs931301n00
43119,0.9916122,55399996.0,rs931302n00
10450,0.99993896,78921940.0,rs931303n00
0,0.23551145,111394240.0,rs931304n00
102,0.8067878,83918980.0,rs931305n00
3801,0.7967812,47441324.0,rs931306n00
21179,0.99658775,61105188.0,rs931307n00
0,0.68260247,100416800.0,rs931308n00
0,0.27744097,121427060.0,rs931309n00
0,0.33413404,97383890.0,rs931310n00
0,0.6587107,89535670.0,rs931311n00
0,0.24499412,123736280.0,rs931312n00
0,0.06169199,116988340.0,rs931313n00
0,0.106768884,115979064.0,rs931314n00
0,0.12242659,114755310.0,rs931315n00
0,0.44449827,104529790.0,rs931316n00
0,0.16176495,105698090.0,rs931317n00
0,0.3685573,102316560.0,rs931318n00
0,0.37031615,110958400.0,rs931319n00
0,0.22704464,110655944.0,rs931320n00
0,0.4741862,75478216.0,rs931321n00
0,0.47065824,77432910.0,rs931322n00
0,0.59621,81164664.0,rs931323n00
0,0.34165916,94204030.0,rs931324n00
0,0.36399966,109783256.0,rs931325n00
560,0.9563557,101807380.0,rs931326n00
4209,1.0,99863070.0,rs931327n00
0,0.72817177,82718640.0,rs931328n00
0,0.7304534,74025820.0,rs931329n00
0,0.26926208,115235650.0,rs931330n00
0,0.05104971,119982264.0,rs931331n00
0,0.07309644,121131420.0,rs931332n00
0,0.082600914,122955864.0,rs931333n00
0,0.5023498,126432440.0,rs931334n00
0,0.44877744,98366136.0,rs931335n00
0,0.24525435,111187944.0,rs931336n00
0,0.29105592,122596104.0,rs931337n00
0,0.2485996,128877864.0,rs931338n00
0,0.4975777,94238350.0,rs931339n00
0,0.4203602,81943550.0,rs931340n00
0,0.44800916,135995730.0,rs931341n00
0,0.2754272,150440980.0,rs931342n00
0,0.40347794,151774540.0,rs931343n00
0,0.18106945,167789020.0,rs931344n00
0,0.09319898,167623470.0,rs931345n00
0,0.22306,161203230.0,rs931346n00
0,0.2739007,138076880.0,rs931347n00
7503,1.0,128986060.0,rs931348n00
2972,1.0,143780960.0,rs931349n00
0,0.679756,113433860.0,rs931350n00
14951,1.0,90791490.0,rs931351n00
8875,0.97183686,78838110.0,rs931352n00
14780,0.9579338,88140940.0,rs931353n00
0,0.79619014,116591870.0,rs931354n00
0,0.7774343,79747060.0,rs931355n00
0,0.7368281,68808780.0,rs931356n00
0,0.72253907,112376424.0,rs931357n00
0,0.25435925,116803430.0,rs931358n00
0,0.06038837,125449960.0,rs931359n00
0,0.08494612,122226750.0,rs931360n00
0,0.56821173,122278590.0,rs931361n00
0,0.54121494,101144910.0,rs931401n00
0,0.34008136,101977800.0,rs931402n00
16289,0.9810761,87774610.0,rs931403n00
0,0.40570572,101124070.0,rs931404n00
0,0.79579645,82082890.0,rs931405n00
134,0.801523,54905940.0,rs931406n00
33820,1.0,38947704.0,rs931407n00
2104,0.97118455,83445870.0,rs931408n00
0,0.66494757,107570030.0,rs931409n00
0,0.21681489,101199680.0,rs931410n00
0,0.24831422,82439470.0,rs931411n00
0,0.4705922,106509144.0,rs931412n00
0,0.12954602,110080184.0,rs931413n00
0,0.075226836,116213920.0,rs931414n00
0,0.09130876,116239310.0,rs931415n00
0,0.05920383,115891390.0,rs931416n00
0,0.10399084,111752184.0,rs931417n00
0,0.088514246,115925350.0,rs931418n00
0,0.4542106,100316570.0,rs931419n00
0,0.7095083,91702640.0,rs931420n00
150,0.833324,65939532.0,rs931421n00
0,0.7880549,60516260.0,rs931422n00
59081,1.0,45874572.0,rs931423n00
21992,0.9410006,59486732.0,rs931424n00
4924,0.94977826,82663670.0,rs931425n00
12020,0.984676,84027910.0,rs931426n00
38427,1.0,70410550.0,rs931427n00
24369,1.0,67527420.0,rs931428n00
0,0.6438157,76944960.0,rs931429n00
0,0.27413774,98155140.0,rs931430n00
0,0.05150505,115416860.0,rs931431n00
0,0.051218297,116709016.0,rs931432n00
0,0.07522684,115874820.0,rs931433n00
0,0.24768193,121826310.0,rs931434n00
0,0.6128667,104067940.0,rs931435n00
0,0.26423207,95902280.0,rs931436n00
0,0.23892169,97900370.0,rs931437n00
0,0.30079395,112214056.0,rs931438n00
0,0.19661835,116636260.0,rs931439n00
13412,1.0,81722344.0,rs931440n00
0,0.7786402,84380856.0,rs931441n00
0,0.45679677,125182136.0,rs931442n00
0,0.72794384,131109760.0,rs931443n00
0,0.81043154,114231570.0,rs931444n00
0,0.87111694,135428370.0,rs931445n00
0,0.16145611,152148110.0,rs931446n00
458,0.8776036,128911480.0,rs931447n00
361,0.8766359,82597610.0,rs931448n00
1412,0.9531488,109707020.0,rs931449n00
62759,1.0,63592264.0,rs931450n00
0,0.5737477,125785570.0,rs931451n00
21095,1.0,85983120.0,rs931452n00
53870,1.0,62656520.0,rs931453n00
27050,0.98714334,78521520.0,rs931454n00
16053,0.9946431,83677170.0,rs931455n00
0,0.5178692,115099430.0,rs931456n00
11299,0.92888886,83554620.0,rs931457n00
924,0.8140397,75375750.0,rs931458n00
0,0.36398453,103559250.0,rs931459n00
0,0.20789632,111928220.0,rs931460n00
0,0.07062456,119513310.0,rs931461n00
0,0.092433594,116279250.0,rs931462n00
0,0.3542601,120192104.0,rs931463n00
0,0.6066587,113762500.0,rs931501n00
0,0.7519181,83189540.0,rs931502n00
5447,0.9811355,99066780.0,rs931503n00
6794,0.8912586,85482310.0,rs931504n00
0,0.37496066,102949416.0,rs931505n00
0,0.51094,81951544.0,rs931506n00
6029,0.94873476,60827516.0,rs931507n00
37807,1.0,59336320.0,rs931508n00
0,0.66127557,105821450.0,rs931509n00
0,0.32093045,109052456.0,rs931510n00
0,0.2336044,86173760.0,rs931511n00
0,0.46621624,95889330.0,rs931512n00
0,0.26616174,113139650.0,rs931513n00
0,0.1321022,110131780.0,rs931514n00
0,0.06765937,117677010.0,rs931515n00
0,0.10890387,118427550.0,rs931516n00
0,0.06738113,118197100.0,rs931517n00
0,0.063829094,118429270.0,rs931518n00
0,0.3780095,105627464.0,rs931519n00
0,0.5112075,76713496.0,rs931520n00
529,0.8256122,49784600.0,rs931521n00
0,0.7435215,65628750.0,rs931522n00
41371,1.0,52471880.0,rs931523n00
11480,1.0,69122750.0,rs931524n00
0,0.31779608,88568060.0,rs931525n00
0,0.40757763,97401580.0,rs931526n00
0,0.6044069,85132770.0,rs931527n00
27517,0.9424387,71531064.0,rs931528n00
111153,1.0,25169292.0,rs931529n00
339,0.8420328,91724470.0,rs931530n00
0,0.04579983,113585256.0,rs931531n00
0,0.04839456,114062180.0,rs931532n00
0,0.06793775,113402840.0,rs931533n00
0,0.20791093,115323060.0,rs931534n00
0,0.7696525,95797750.0,rs931535n00
0,0.5267094,86046390.0,rs931536n00
0,0.24100973,87265650.0,rs931537n00
0,0.33015344,102244060.0,rs931538n00
0,0.19709924,112765710.0,rs931539n00
0,0.35116076,94193140.0,rs931540n00
12369,1.0,83257590.0,rs931541n00
0,0.49583438,105899340.0,rs931542n00
0,0.1493765,138135060.0,rs931543n00
0,0.7368742,103512580.0,rs931544n00
0,0.7958456,124463940.0,rs931545n00
7,0.843691,130342630.0,rs931546n00
0,0.12329236,140357310.0,rs931547n00
2486,0.8824577,91902030.0,rs931548n00
0,0.63842285,89281464.0,rs931549n00
0,0.2992724,108627390.0,rs931550n00
1485,0.8783571,96774170.0,rs931551n00
0,0.27858746,120712890.0,rs931552n00
0,0.45867738,97737944.0,rs931553n00
0,0.35110503,103261140.0,rs931554n00
0,0.3719514,122096190.0,rs931555n00
0,0.181474,127194120.0,rs931556n00
0,0.21177492,118773470.0,rs931557n00
1212,0.84868395,99350210.0,rs931558n00
0,0.67135096,75415130.0,rs931559n00
0,0.39420885,80702720.0,rs931560n00
0,0.31312242,102943704.0,rs931561n00
0,0.14941682,109645600.0,rs931562n00
0,0.11253716,113744184.0,rs931563n00
0,0.07605911,113487860.0,rs931564n00
0,0.4623555,119460770.0,rs931601n00
0,0.8073857,82249650.0,rs931602n00
0,0.40259406,104599390.0,rs931603n00
0,0.3398487,103847910.0,rs931604n00
0,0.35650265,99089864.0,rs931605n00
0,0.6017891,83504190.0,rs931606n00
0,0.42217878,53575576.0,rs931607n00
44890,1.0,45476180.0,rs931608n00
0,0.5820297,96115970.0,rs931609n00
0,0.38196158,107959336.0,rs931610n00
0,0.17249644,87122010.0,rs931611n00
0,0.41719648,87089944.0,rs931612n00
0,0.25057724,114184620.0,rs931613n00
0,0.14103146,106278610.0,rs931614n00
0,0.10990293,115822770.0,rs931615n00
0,0.12954602,122531360.0,rs931616n00
0,0.088984504,121749430.0,rs931617n00
0,0.22053152,119987944.0,rs931618n00
0,0.4156226,104006670.0,rs931619n00
0,0.46697113,106217160.0,rs931620n00
0,0.5814189,92073190.0,rs931621n00
7325,0.85066783,57575796.0,rs931622n00
0,0.59527755,74981000.0,rs931623n00
0,0.27401388,82636830.0,rs931624n00
0,0.22743537,95203610.0,rs931625n00
0,0.40269685,91226250.0,rs931626n00
0,0.48287097,100499270.0,rs931627n00
1,0.80454355,102505400.0,rs931628n00
32787,1.0,64491280.0,rs931629n00
183,0.8434793,105243700.0,rs931630n00
0,0.046133693,112720024.0,rs931631n00
0,0.09871573,112244350.0,rs931632n00
0,0.12578163,109179630.0,rs931633n00
0,0.6802297,106460410.0,rs931634n00
0,0.75280845,70578080.0,rs931635n00
0,0.39779028,82550170.0,rs931636n00
0,0.26170078,84696504.0,rs931637n00
0,0.40730566,92609550.0,rs931638n00
0,0.36674383,96634880.0,rs931639n00
0,0.28491598,85678520.0,rs931640n00
0,0.4296871,93519256.0,rs931641n00
0,0.5273498,104750790.0,rs931642n00
0,0.06568016,131691656.0,rs931643n00
0,0.14569932,125596184.0,rs931644n00
0,0.26955712,141420160.0,rs931645n00
0,0.0592894,134636910.0,rs931646n00
0,0.18258263,129255660.0,rs931647n00
0,0.46874648,103658584.0,rs931648n00
0,0.18102689,95431210.0,rs931649n00
0,0.1875113,99462680.0,rs931650n00
0,0.4878758,96248670.0,rs931651n00
0,0.48384464,103372310.0,rs931652n00
0,0.48545915,96181210.0,rs931653n00
0,0.4572502,94620536.0,rs931654n00
0,0.4262209,110837130.0,rs931655n00
0,0.17509729,119899790.0,rs931656n00
0,0.32098368,115533560.0,rs931657n00
0,0.5446296,92147810.0,rs931658n00
0,0.37134847,81957290.0,rs931659n00
0,0.40549466,66040890.0,rs931660n00
322,0.8052449,80301970.0,rs931661n00
0,0.17476022,98460180.0,rs931662n00
0,0.13343367,100519830.0,rs931663n00
0,0.11225387,109123050.0,rs931664n00
0,0.25922793,100532450.0,rs931701n00
0,0.4269166,109762550.0,rs931702n00
0,0.2449468,97231870.0,rs931703n00
0,0.14851557,112165500.0,rs931704n00
0,0.36313337,98021360.0,rs931705n00
0,0.65498257,98177576.0,rs931706n00
0,0.74775976,53263530.0,rs931707n00
54110,1.0,35306270.0,rs931708n00
14171,1.0,83665490.0,rs931709n00
0,0.3847357,103900150.0,rs931710n00
0,0.1574151,89076760.0,rs931711n00
0,0.32055774,80919016.0,rs931712n00
0,0.38143718,113957096.0,rs931713n00
0,0.11680299,104218776.0,rs931714n00
0,0.15198816,112063140.0,rs931715n00
0,0.11016244,126416584.0,rs931716n00
0,0.08543131,126425650.0,rs931717n00
0,0.2530641,121346590.0,rs931718n00
0,0.7793103,98563610.0,rs931719n00
0,0.2159344,111043540.0,rs931720n00
0,0.6039454,88140970.0,rs931721n00
3100,0.93247235,61936788.0,rs931722n00
0,0.29194677,75547260.0,rs931723n00
0,0.30652523,82648270.0,rs931724n00
0,0.23997653,94509224.0,rs931725n00
0,0.27973595,102794860.0,rs931726n00
0,0.24136232,114407340.0,rs931727n00
0,0.7015994,93931750.0,rs931728n00
0,0.18571322,101877400.0,rs931729n00
0,0.17223862,111812510.0,rs931730n00
0,0.1267688,111251340.0,rs931731n00
0,0.14580457,102547080.0,rs931732n00
0,0.15800822,96793330.0,rs931733n00
0,0.7566546,78098230.0,rs931734n00
0,0.5930185,66287056.0,rs931735n00
0,0.27447048,76566480.0,rs931736n00
0,0.35599744,86211540.0,rs931737n00
0,0.18665795,102071380.0,rs931738n00
0,0.4499192,89796600.0,rs931739n00
0,0.3800118,84024050.0,rs931740n00
0,0.46317172,88787064.0,rs931741n00
0,0.4854591,109190120.0,rs931742n00
0,0.24556202,122754600.0,rs931743n00
0,0.2666512,119061010.0,rs931744n00
0,0.23396161,134265020.0,rs931745n00
0,0.09912117,127722536.0,rs931746n00
0,0.17436026,114103390.0,rs931747n00
0,0.15081485,100569900.0,rs931748n00
0,0.18990466,87422650.0,rs931749n00
0,0.16701984,90949330.0,rs931750n00
0,0.34926912,91290360.0,rs931751n00
0,0.122426584,100569440.0,rs931752n00
0,0.47928938,88700700.0,rs931753n00
0,0.48758343,88458340.0,rs931754n00
0,0.5812663,103489490.0,rs931755n00
0,0.23006175,111443740.0,rs931756n00
0,0.18049502,116257960.0,rs931757n00
0,0.4474655,92207610.0,rs931758n00
0,0.18128233,84343470.0,rs931759n00
0,0.35339308,66434904.0,rs931760n00
11329,0.7893242,48983790.0,rs931761n00
0,0.54241204,90323430.0,rs931762n00
0,0.1284568,94760880.0,rs931763n00
0,0.12368178,96438400.0,rs931764n00
0,0.14242381,94384200.0,rs931801n00
0,0.36991516,106014320.0,rs931802n00
0,0.43203023,94050936.0,rs931803n00
0,0.3111258,109484950.0,rs931804n00
0,0.37575316,101460920.0,rs931805n00
0,0.3599087,99858210.0,rs931806n00
0,0.7047944,72700424.0,rs931807n00
10240,1.0,53020748.0,rs931808n00
47904,1.0,62911664.0,rs931809n00
0,0.43888462,110498970.0,rs931810n00
0,0.28808695,93676390.0,rs931811n00
0,0.26971886,79978920.0,rs931812n00
0,0.4300304,105632070.0,rs931813n00
0,0.14375973,102392270.0,rs931814n00
0,0.18388583,109406850.0,rs931815n00
0,0.17849952,124294630.0,rs931816n00
0,0.095538214,134265980.0,rs931817n00
0,0.2575124,129310056.0,rs931818n00
0,0.79030186,103955400.0,rs931819n00
0,0.18346487,106886030.0,rs931820n00
0,0.5825646,76899680.0,rs931821n00
21541,1.0,51858104.0,rs931822n00
0,0.2817634,78165896.0,rs931823n00
0,0.27903664,85082390.0,rs931824n00
0,0.30105224,90131030.0,rs931825n00
0,0.2941409,108675700.0,rs931826n00
0,0.4590996,104375016.0,rs931827n00
0,0.17566647,105210390.0,rs931828n00
47,0.8115774,90005150.0,rs931829n00
0,0.5582557,103307016.0,rs931830n00
0,0.15892975,99863624.0,rs931831n00
0,0.117374286,93915170.0,rs931832n00
0,0.69943726,93503990.0,rs931833n00
2706,0.8609155,58451388.0,rs931834n00
0,0.59874123,78708240.0,rs931835n00
0,0.316446,72559700.0,rs931836n00
0,0.340191,88165580.0,rs931837n00
0,0.14955795,93322664.0,rs931838n00
18497,1.0,70119420.0,rs931839n00
0,0.7302706,84778540.0,rs931840n00
0,0.55393255,81990584.0,rs931841n00
0,0.540925,92842950.0,rs931842n00
0,0.44695413,104762856.0,rs931843n00
0,0.28096172,114686500.0,rs931844n00
0,0.28765666,125809460.0,rs931845n00
0,0.3027851,113617304.0,rs931846n00
0,0.26345214,100222380.0,rs931847n00
0,0.2365139,92981190.0,rs931848n00
0,0.36353043,80350820.0,rs931849n00
0,0.10982402,84490200.0,rs931850n00
0,0.43689704,80835860.0,rs931851n00
0,0.22504906,93653384.0,rs931852n00
0,0.44332126,88038600.0,rs931853n00
0,0.55933094,84649144.0,rs931854n00
0,0.57231283,102926820.0,rs931855n00
0,0.3801571,108402350.0,rs931856n00
0,0.15565982,115091240.0,rs931857n00
0,0.3246685,93311950.0,rs931858n00
2234,0.85396624,70774800.0,rs931859n00
3389,0.87379193,62627844.0,rs931860n00
3195,0.7655109,40802180.0,rs931861n00
0,0.75280833,75382920.0,rs931862n00
0,0.13883048,88567860.0,rs931863n00
0,0.13304171,90086830.0,rs931864n00
0,0.12853453,89522670.0,rs931901n00
0,0.31941453,94617580.0,rs931902n00
0,0.46808845,105930216.0,rs931903n00
0,0.5711443,97453940.0,rs931904n00
0,0.38385838,114045030.0,rs931905n00
0,0.40293717,93522824.0,rs931906n00
0,0.2966759,86149690.0,rs931907n00
104,0.75430983,61492400.0,rs931908n00
59520,1.0,34268070.0,rs931909n00
0,0.697992,110863210.0,rs931910n00
0,0.29716352,103918424.0,rs931911n00
0,0.4223949,82833460.0,rs931912n00
0,0.5597763,97008410.0,rs931913n00
0,0.1465612,101820960.0,rs931914n00
0,0.1871241,111613210.0,rs931915n00
0,0.18943645,123969730.0,rs931916n00
0,0.094989076,141261700.0,rs931917n00
0,0.40227672,135929650.0,rs931918n00
0,0.37433937,110931050.0,rs931919n00
0,0.28036106,100862940.0,rs931920n00
5895,1.0,69530690.0,rs931921n00
7209,1.0,60795840.0,rs931922n00
0,0.2601823,81827170.0,rs931923n00
0,0.40407935,86314500.0,rs931924n00
0,0.24352942,96400130.0,rs931925n00
0,0.2322822,112744760.0,rs931926n00
0,0.21416262,114271350.0,rs931927n00
0,0.41042525,110132790.0,rs931928n00
0,0.3929475,102828510.0,rs931929n00
0,0.23074034,99812376.0,rs931930n00
0,0.16059223,92408850.0,rs931931n00
0,0.1252404,89201340.0,rs931932n00
19,0.8214514,75414240.0,rs931933n00
7495,0.829843,55171190.0,rs931934n00
0,0.42802352,73137544.0,rs931935n00
0,0.5377793,70309944.0,rs931936n00
0,0.5613371,84695544.0,rs931937n00
0,0.20697658,89256430.0,rs931938n00
5752,1.0,71101680.0,rs931939n00
0,0.7718117,81238120.0,rs931940n00
0,0.7582636,70908970.0,rs931941n00
0,0.50805414,92595880.0,rs931942n00
0,0.40812206,112352790.0,rs931943n00
16681,1.0,93938810.0,rs931944n00
0,0.23779844,121451890.0,rs931945n00
0,0.17345606,103546820.0,rs931946n00
0,0.16160023,93849470.0,rs931947n00
0,0.23623396,85900680.0,rs931948n00
0,0.47788832,71645210.0,rs931949n00
0,0.1393056,81267510.0,rs931950n00
0,0.33999917,76124460.0,rs931951n00
52023,1.0,56623164.0,rs931952n00
19256,1.0,68094130.0,rs931953n00
0,0.5720866,73416696.0,rs931954n00
0,0.49042526,96539420.0,rs931955n00
6,0.8077295,95475930.0,rs931956n00
1,0.80147344,100813944.0,rs931957n00
960,0.81821716,83352440.0,rs931958n00
0,0.7173029,76364570.0,rs931959n00
390,0.8191256,69044630.0,rs931960n00
0,0.6346313,43522036.0,rs931961n00
9227,1.0,56594964.0,rs931962n00
0,0.14270273,82547610.0,rs931963n00
0,0.13648027,85755640.0,rs931964n00
0,0.13657886,84577900.0,rs932001n00
0,0.12568495,89226184.0,rs932002n00
0,0.30997258,102814810.0,rs932003n00
0,0.3867575,104915784.0,rs932004n00
0,0.52213496,115572590.0,rs932005n00
0,0.41965255,98789820.0,rs932006n00
0,0.27548757,94009610.0,rs932007n00
3976,1.0,64683064.0,rs932008n00
66830,1.0,30344398.0,rs932009n00
8118,1.0,93326480.0,rs932010n00
0,0.2661862,106514510.0,rs932011n00
0,0.57261467,80844340.0,rs932012n00
0,0.66439784,99793130.0,rs932013n00
0,0.18350099,106457730.0,rs932014n00
0,0.194568,119390070.0,rs932015n00
0,0.17482968,130275370.0,rs932016n00
0,0.118232235,151149780.0,rs932017n00
0,0.435072,126353016.0,rs932018n00
0,0.2895063,110737510.0,rs932019n00
0,0.49323243,90687140.0,rs932020n00
2113,0.9845558,58933250.0,rs932021n00
0,0.4436392,74779700.0,rs932022n00
0,0.48731336,84131840.0,rs932023n00
0,0.50902647,85443850.0,rs932024n00
0,0.38151154,103615610.0,rs932025n00
0,0.5988192,114726010.0,rs932026n00
0,0.6249442,106950856.0,rs932027n00
0,0.39634785,100740130.0,rs932028n00
0,0.16956082,97227440.0,rs932029n00
0,0.1525501,91864210.0,rs932030n00
0,0.13237607,86977460.0,rs932031n00
7,0.8148938,75224180.0,rs932032n00
67,0.7920643,48278504.0,rs932033n00
0,0.734392,66531040.0,rs932034n00
0,0.63275784,68940590.0,rs932035n00
0,0.6511048,73774530.0,rs932036n00
0,0.19718668,85977176.0,rs932037n00
0,0.3568678,82728744.0,rs932038n00
0,0.4644797,84243736.0,rs932039n00
350,0.80998147,61429236.0,rs932040n00
0,0.33196482,86313060.0,rs932041n00
0,0.2699403,113149224.0,rs932042n00
56000,1.0,70527370.0,rs932043n00
16599,1.0,94571910.0,rs932044n00
0,0.14466377,97637990.0,rs932045n00
0,0.14504378,89388740.0,rs932046n00
0,0.17006195,81177790.0,rs932047n00
0,0.28578714,75109736.0,rs932048n00
0,0.30286282,76098296.0,rs932049n00
3851,0.9385317,68241490.0,rs932050n00
3694,0.9423237,67595670.0,rs932051n00
0,0.42319804,81952550.0,rs932052n00
3205,0.9024588,63730170.0,rs932053n00
0,0.6203239,78027700.0,rs932054n00
0,0.666548,89661420.0,rs932055n00
15,0.8051952,82919304.0,rs932056n00
0,0.63512063,90872470.0,rs932057n00
0,0.47602427,78937384.0,rs932058n00
0,0.30848178,73687500.0,rs932059n00
0,0.6831643,44170144.0,rs932060n00
17278,1.0,34960052.0,rs932061n00
0,0.63056403,75215860.0,rs932062n00
0,0.13669716,81100760.0,rs932063n00
0,0.10561126,81048000.0,rs932101n00
0,0.10337746,84767780.0,rs932102n00
0,0.2995816,95565820.0,rs932103n00
0,0.53745455,107053460.0,rs932104n00
0,0.5227009,111608350.0,rs932105n00
0,0.38669884,106087390.0,rs932106n00
0,0.29645675,94401690.0,rs932107n00
0,0.35823244,72859336.0,rs932108n00
72375,1.0,31569248.0,rs932109n00
19905,1.0,85968280.0,rs932110n00
0,0.26501304,109541970.0,rs932111n00
0,0.6622869,74569550.0,rs932112n00
0,0.6657516,115933210.0,rs932113n00
0,0.15966803,114211900.0,rs932114n00
0,0.16583648,129378370.0,rs932115n00
0,0.22098635,151079420.0,rs932116n00
0,0.43271902,148005970.0,rs932117n00
0,0.36509264,114290940.0,rs932118n00
0,0.4165838,101650510.0,rs932119n00
0,0.54448396,66990030.0,rs932120n00
0,0.52637833,66860580.0,rs932121n00
0,0.3202119,95160790.0,rs932122n00
0,0.27250487,95732590.0,rs932123n00
0,0.28811228,115860370.0,rs932124n00
0,0.22824046,124913016.0,rs932125n00
0,0.27961105,116870820.0,rs932126n00
0,0.14626044,99378840.0,rs932127n00
0,0.12834461,95376520.0,rs932128n00
0,0.14087251,88250440.0,rs932129n00
0,0.5586158,87471544.0,rs932130n00
2760,0.85055906,58120656.0,rs932131n00
0,0.73880976,59691840.0,rs932132n00
0,0.51987565,66396624.0,rs932133n00
0,0.5826792,71168310.0,rs932134n00
0,0.4630738,83554840.0,rs932135n00
0,0.31567958,77221350.0,rs932136n00
0,0.49603924,80253440.0,rs932137n00
8055,0.878734,69014696.0,rs932138n00
4057,0.8058418,73770104.0,rs932139n00
0,0.35244346,97592824.0,rs932140n00
0,0.18013364,111540660.0,rs932141n00
11192,1.0,92649816.0,rs932142n00
0,0.1408725,94075070.0,rs932143n00
0,0.50048083,84706950.0,rs932144n00
0,0.15313827,81643416.0,rs932145n00
0,0.15903224,77368900.0,rs932146n00
0,0.39291787,58982770.0,rs932147n00
0,0.42931297,72870210.0,rs932148n00
23252,0.9430706,59152612.0,rs932149n00
0,0.1192062,78197784.0,rs932150n00
0,0.4314672,72534170.0,rs932151n00
0,0.53612113,66618856.0,rs932152n00
0,0.584861,82845710.0,rs932153n00
0,0.6764043,100410700.0,rs932154n00
0,0.4785218,92308480.0,rs932155n00
0,0.6183632,75438264.0,rs932156n00
0,0.27671924,74312216.0,rs932157n00
0,0.5490474,61069772.0,rs932158n00
7564,0.68022966,28779836.0,rs932159n00
0,0.73237467,55482120.0,rs932160n00
0,0.12491633,80458150.0,rs932161n00
0,0.10600308,83177870.0,rs932201n00
0,0.09821862,84947140.0,rs932202n00
0,0.2694483,88396870.0,rs932203n00
0,0.40912125,116801650.0,rs932204n00
0,0.41218805,121580890.0,rs932205n00
0,0.6317008,113093430.0,rs932206n00
0,0.59128773,96216260.0,rs932207n00
0,0.53321004,71769940.0,rs932208n00
71834,1.0,28759884.0,rs932209n00
13120,1.0,103380160.0,rs932210n00
0,0.58505255,105132980.0,rs932211n00
0,0.7373346,85109850.0,rs932212n00
0,0.20929292,126244424.0,rs932213n00
0,0.16960254,130591700.0,rs932214n00
0,0.20124644,155692080.0,rs932215n00
0,0.38306987,162135580.0,rs932216n00
0,0.35118863,122628720.0,rs932217n00
0,0.42245665,101874020.0,rs932218n00
4493,0.90505815,63340920.0,rs932219n00
0,0.58386505,73508750.0,rs932220n00
0,0.5844394,99195360.0,rs932221n00
0,0.6169656,99259200.0,rs932222n00
0,0.483408,115320200.0,rs932223n00
0,0.24171516,130474590.0,rs932224n00
0,0.21020848,107476984.0,rs932225n00
0,0.12830137,96973576.0,rs932226n00
0,0.15441793,89690960.0,rs932227n00
0,0.46723384,88297760.0,rs932228n00
11368,0.86552423,58786430.0,rs932229n00
1761,0.79299587,51245096.0,rs932230n00
0,0.40422976,62775532.0,rs932231n00
0,0.5554817,73647256.0,rs932232n00
0,0.19256803,79613500.0,rs932233n00
0,0.2744457,75063440.0,rs932234n00
0,0.4924959,79112630.0,rs932235n00
54996,1.0,56608300.0,rs932236n00
1869,0.8751824,86023784.0,rs932237n00
0,0.1287289,101359540.0,rs932238n00
0,0.24360022,107330470.0,rs932239n00
0,0.36762807,95069704.0,rs932240n00
0,0.39211896,86300290.0,rs932241n00
0,0.49805695,71661290.0,rs932242n00
0,0.13719505,78081600.0,rs932243n00
0,0.41157973,68119140.0,rs932244n00
0,0.50397027,44556324.0,rs932245n00
0,0.59094,68667860.0,rs932246n00
4405,0.89667743,66321840.0,rs932247n00
0,0.46320438,70850776.0,rs932248n00
0,0.58935803,63660428.0,rs932249n00
0,0.6595507,65798932.0,rs932250n00
0,0.44864932,98436140.0,rs932251n00
0,0.31581163,96591944.0,rs932252n00
0,0.16654205,90477390.0,rs932253n00
0,0.3086908,77174584.0,rs932254n00
0,0.38102964,71232130.0,rs932255n00
5378,0.7785438,37575744.0,rs932256n00
3440,0.7939776,33357572.0,rs932257n00
0,0.6271229,77601790.0,rs932258n00
0,0.23955436,87157420.0,rs932301n00
0,0.14696772,88950440.0,rs932302n00
0,0.14178687,91781496.0,rs932303n00
0,0.35375658,113036150.0,rs932304n00
0,0.29945272,131522104.0,rs932305n00
0,0.3617738,126674780.0,rs932306n00
0,0.33142358,103391460.0,rs932307n00
0,0.739957,64807324.0,rs932308n00
82840,1.0,28379148.0,rs932309n00
9453,1.0,127351310.0,rs932310n00
0,0.7684648,79771496.0,rs932311n00
0,0.75224596,113425544.0,rs932312n00
0,0.2429162,138473650.0,rs932313n00
0,0.22409637,160782430.0,rs932314n00
0,0.38286558,174570020.0,rs932315n00
0,0.3792276,131439940.0,rs932316n00
0,0.4083339,109928410.0,rs932317n00
2890,0.8943748,54903948.0,rs932318n00
0,0.7037307,87916630.0,rs932319n00
140,0.86324346,106547960.0,rs932320n00
27424,1.0,75485496.0,rs932321n00
0,0.43565702,135535040.0,rs932322n00
0,0.26780292,119264500.0,rs932323n00
0,0.18253998,102260190.0,rs932324n00
0,0.16688035,95355320.0,rs932325n00
0,0.5495496,92877980.0,rs932326n00
2917,0.8506636,65105110.0,rs932327n00
961,0.76736784,46691800.0,rs932328n00
0,0.6214062,55435628.0,rs932329n00
0,0.27008796,79041336.0,rs932330n00
0,0.67451966,71290110.0,rs932331n00
0,0.35423213,77443460.0,rs932332n00
0,0.717213,75485250.0,rs932333n00
74088,1.0,46524070.0,rs932334n00
0,0.44084603,86750690.0,rs932335n00
0,0.13863258,98380850.0,rs932336n00
0,0.28687286,99325410.0,rs932337n00
0,0.35336512,88746100.0,rs932338n00
0,0.41413832,82953950.0,rs932339n00
0,0.3767647,78410430.0,rs932340n00
0,0.6521038,67710240.0,rs932341n00
0,0.5540063,45472356.0,rs932342n00
0,0.5642439,39851480.0,rs932343n00
0,0.5042119,61159696.0,rs932344n00
0,0.34771523,76157890.0,rs932345n00
0,0.5246848,67050810.0,rs932346n00
0,0.5879332,60218800.0,rs932347n00
0,0.56866217,78545750.0,rs932348n00
0,0.3274053,97492664.0,rs932349n00
0,0.24987125,88373190.0,rs932350n00
0,0.2938598,82478860.0,rs932351n00
0,0.3374013,73518850.0,rs932352n00
0,0.5169907,54463790.0,rs932353n00
2412,0.6067374,27432544.0,rs932354n00
1956,0.7947637,54757490.0,rs932355n00
0,0.5200167,71657830.0,rs932401n00
0,0.3211701,89612870.0,rs932402n00
0,0.22123662,99427670.0,rs932403n00
0,0.31230727,108814730.0,rs932404n00
0,0.3224765,141198240.0,rs932405n00
0,0.41747233,134690900.0,rs932406n00
0,0.56967664,110170580.0,rs932407n00
0,0.6479079,74265680.0,rs932408n00
71659,1.0,41487000.0,rs932409n00
4363,1.0,138221340.0,rs932410n00
0,0.74408513,80766060.0,rs932411n00
0,0.52358586,151879950.0,rs932412n00
0,0.209159,172330860.0,rs932413n00
0,0.3216893,199880900.0,rs932414n00
0,0.3416177,154733090.0,rs932415n00
0,0.5362652,112255100.0,rs932416n00
0,0.71344155,48583520.0,rs932417n00
0,0.72903806,107545520.0,rs932418n00
861,0.9564139,127722390.0,rs932419n00
3695,1.0,139119940.0,rs932420n00
0,0.2918449,136905630.0,rs932421n00
0,0.16704066,111698440.0,rs932422n00
0,0.16610616,104406030.0,rs932423n00
0,0.6292263,95530200.0,rs932424n00
0,0.7376963,64527052.0,rs932425n00
0,0.6495256,46595636.0,rs932426n00
0,0.64063793,50303212.0,rs932427n00
0,0.36033213,85333760.0,rs932428n00
0,0.20317261,78638720.0,rs932429n00
0,0.37321627,75476830.0,rs932430n00
7855,1.0,63478660.0,rs932431n00
72309,1.0,45228470.0,rs932432n00
0,0.16614768,88121840.0,rs932433n00
0,0.13315926,100152136.0,rs932434n00
0,0.27082685,98658104.0,rs932435n00
0,0.26915333,92575110.0,rs932436n00
0,0.19315429,82613550.0,rs932437n00
0,0.17249647,77630590.0,rs932438n00
0,0.4909678,59272564.0,rs932439n00
0,0.5085749,35376950.0,rs932440n00
0,0.5301314,34873744.0,rs932441n00
0,0.4812169,57935050.0,rs932442n00
0,0.30004564,78690050.0,rs932443n00
0,0.5106962,70863460.0,rs932444n00
0,0.5121602,61113950.0,rs932445n00
0,0.4880563,86943340.0,rs932446n00
0,0.25769117,95789330.0,rs932447n00
0,0.17667969,89825720.0,rs932448n00
0,0.23507793,80061464.0,rs932449n00
0,0.41249245,65237300.0,rs932450n00
4950,0.8344016,35914044.0,rs932451n00
14848,0.89202297,31833794.0,rs932452n00
11,0.7546386,46805850.0,rs932501n00
0,0.46490526,66660228.0,rs932502n00
0,0.40329763,87118620.0,rs932503n00
0,0.36739972,111601140.0,rs932504n00
0,0.31174186,150595230.0,rs932505n00
0,0.5076612,131537256.0,rs932506n00
0,0.43262506,121543656.0,rs932507n00
2998,0.99847513,76174030.0,rs932508n00
59247,1.0,83716580.0,rs932509n00
0,0.72503287,113838430.0,rs932510n00
0,0.674648,124950310.0,rs932511n00
0,0.31504592,202173420.0,rs932512n00
0,0.84894484,211316300.0,rs932513n00
0,0.83178675,146797460.0,rs932514n00
759,0.931561,80537384.0,rs932515n00
0,0.80077493,89963224.0,rs932516n00
0,0.4935503,144961060.0,rs932517n00
0,0.25544062,166928530.0,rs932518n00
0,0.27260372,150631090.0,rs932519n00
0,0.2134802,123072630.0,rs932520n00
0,0.30328944,104599530.0,rs932521n00
0,0.6040631,81875190.0,rs932522n00
0,0.68178207,52602556.0,rs932523n00
0,0.5323855,43892628.0,rs932524n00
0,0.44513538,74670700.0,rs932525n00
0,0.465069,82538856.0,rs932526n00
0,0.41971406,76138600.0,rs932527n00
151,0.8507724,63829916.0,rs932528n00
68324,1.0,42355250.0,rs932529n00
0,0.69280845,84796270.0,rs932530n00
0,0.18245465,97844030.0,rs932531n00
0,0.27270257,97880776.0,rs932532n00
0,0.2147928,91078060.0,rs932533n00
0,0.23362762,83241010.0,rs932534n00
0,0.3329401,70185890.0,rs932535n00
0,0.45900214,47573664.0,rs932536n00
0,0.40679207,32418616.0,rs932537n00
0,0.45566416,33877820.0,rs932538n00
574,0.77536374,48666980.0,rs932539n00
0,0.25253722,77996160.0,rs932540n00
0,0.34005395,74649620.0,rs932541n00
12357,0.93093294,52117900.0,rs932542n00
0,0.76707566,87958040.0,rs932543n00
0,0.27144328,92585230.0,rs932544n00
0,0.21953218,86735120.0,rs932545n00
0,0.3953498,69591180.0,rs932546n00
1368,0.86924905,46458230.0,rs932547n00
21732,0.93298525,28555480.0,rs932548n00
2901,0.8703159,38482068.0,rs932601n00
0,0.39454812,56824076.0,rs932602n00
0,0.38678688,63212760.0,rs932603n00
0,0.500561,90090660.0,rs932604n00
0,0.55725586,147598060.0,rs932605n00
0,0.50621706,162552590.0,rs932606n00
0,0.5980784,140255890.0,rs932607n00
14215,0.99591887,66172280.0,rs932608n00
6183,0.9472871,127019970.0,rs932609n00
0,0.65711683,140390200.0,rs932610n00
0,0.42635757,251445890.0,rs932611n00
0,0.50324583,262778020.0,rs932612n00
1795,0.9603338,117262610.0,rs932613n00
5066,0.96521324,112227440.0,rs932614n00
0,0.40664104,191161660.0,rs932615n00
0,0.32306388,196410620.0,rs932616n00
0,0.4433848,143074660.0,rs932617n00
0,0.40830362,103874890.0,rs932618n00
0,0.42301258,81733980.0,rs932619n00
0,0.50732565,57754280.0,rs932620n00
5267,0.899316,41778270.0,rs932621n00
0,0.63532466,70633440.0,rs932622n00
0,0.31057516,86518300.0,rs932623n00
0,0.5174011,76259304.0,rs932624n00
33158,1.0,43634690.0,rs932625n00
63143,1.0,53102496.0,rs932626n00
0,0.27109802,88904310.0,rs932627n00
0,0.30439284,102070270.0,rs932628n00
0,0.33680105,91643096.0,rs932629n00
0,0.21014921,87574540.0,rs932630n00
0,0.3819907,71532150.0,rs932631n00
0,0.43617278,44337700.0,rs932632n00
0,0.32945186,32866004.0,rs932633n00
0,0.28828952,29361766.0,rs932634n00
2211,0.73397195,35569000.0,rs932635n00
0,0.7175731,61526216.0,rs932636n00
0,0.4525023,70764800.0,rs932637n00
11252,0.9483871,57701956.0,rs932638n00
0,0.4422607,97717280.0,rs932639n00
0,0.2840237,95619350.0,rs932640n00
0,0.354512,94033770.0,rs932641n00
0,0.5481326,64904892.0,rs932642n00
16037,0.9291729,34238810.0,rs932643n00
53994,1.0,31585512.0,rs932701n00
0,0.47962344,58446820.0,rs932702n00
0,0.6311729,54477650.0,rs932703n00
0,0.6158095,64404948.0,rs932704n00
0,0.6586267,109766850.0,rs932705n00
0,0.556701,175060590.0,rs932706n00
0,0.7511223,172462750.0,rs932707n00
0,0.9058338,121432600.0,rs932708n00
0,0.8006319,191833760.0,rs932709n00
0,0.5937256,344376830.0,rs932710n00
0,0.7360459,297930200.0,rs932711n00
0,0.6437332,153453120.0,rs932712n00
0,0.6755042,189675890.0,rs932713n00
0,0.51167184,193232030.0,rs932714n00
0,0.5118812,125503260.0,rs932715n00
0,0.6422503,92256000.0,rs932716n00
3233,0.8962384,78081010.0,rs932717n00
0,0.42802355,53958900.0,rs932718n00
0,0.42881438,64912520.0,rs932719n00
0,0.4293753,84353650.0,rs932720n00
286,0.813081,76338250.0,rs932721n00
21066,1.0,40329910.0,rs932722n00
71546,1.0,43496896.0,rs932723n00
0,0.37025884,85119110.0,rs932724n00
0,0.4184723,100490730.0,rs932725n00
0,0.36160398,94812480.0,rs932726n00
0,0.30187932,86842160.0,rs932727n00
0,0.47356823,62410960.0,rs932728n00
0,0.32450786,41639510.0,rs932729n00
0,0.39220768,33546612.0,rs932730n00
0,0.36132115,30855732.0,rs932731n00
55714,0.9996338,26841442.0,rs932732n00
19147,0.95128775,44431196.0,rs932733n00
6718,0.91647655,60316210.0,rs932734n00
11110,0.9385298,67432290.0,rs932735n00
0,0.3709755,98365280.0,rs932736n00
0,0.24575147,100219200.0,rs932737n00
0,0.54335636,90261980.0,rs932738n00
28299,1.0,42911710.0,rs932739n00
3636,0.851923,44603810.0,rs932801n00
1048,0.8504547,55039624.0,rs932802n00
0,0.7648928,89871670.0,rs932803n00
0,0.6365498,88742500.0,rs932804n00
0,0.6161681,99971680.0,rs932805n00
0,0.6106469,197300770.0,rs932806n00
0,0.81163263,275770940.0,rs932807n00
0,0.9066101,384012800.0,rs932808n00
0,0.8502499,593073660.0,rs932809n00
0,0.7252146,353163940.0,rs932810n00
0,0.67374986,198833360.0,rs932811n00
0,0.5426661,139696880.0,rs932812n00
0,0.5612255,118649580.0,rs932813n00
5527,0.9129546,68093330.0,rs932814n00
18631,0.9523342,49385372.0,rs932815n00
0,0.46864778,74633190.0,rs932816n00
1679,0.8242859,79661090.0,rs932817n00
26086,1.0,40553400.0,rs932818n00
62972,1.0,38935668.0,rs932819n00
0,0.5077765,90577500.0,rs932820n00
0,0.3842384,104215870.0,rs932821n00
0,0.39958143,92226510.0,rs932822n00
0,0.4911714,69565750.0,rs932823n00
0,0.41136688,46766396.0,rs932824n00
0,0.4954474,35442804.0,rs932825n00
0,0.4170739,31506282.0,rs932826n00
18665,0.8368183,28966278.0,rs932827n00
13891,0.86170846,35699900.0,rs932828n00
95,0.7944197,50524444.0,rs932829n00
0,0.5115325,73249740.0,rs932830n00
0,0.59043807,104169310.0,rs932831n00
0,0.58770233,100790560.0,rs932832n00
0,0.6250651,77305330.0,rs932833n00
1482,0.8941009,71101630.0,rs932901n00
16369,0.93064845,46804476.0,rs932902n00
0,0.7933394,83382430.0,rs932903n00
46326,1.0,59737144.0,rs932904n00
13882,0.98449564,149151460.0,rs932905n00
0,0.70643675,306163780.0,rs932906n00
0,0.9244142,1014395200.0,rs932907n00
0,0.93178874,990600700.0,rs932908n00
0,0.68160933,243456100.0,rs932909n00
0,0.55944216,158241660.0,rs932910n00
0,0.571247,100316910.0,rs932911n00
0,0.45517933,89738590.0,rs932912n00
0,0.7329244,100065750.0,rs932913n00
8147,0.9599833,66741644.0,rs932914n00
46446,1.0,33728660.0,rs932915n00
18207,1.0,72000090.0,rs932916n00
0,0.4502844,121093090.0,rs932917n00
0,0.44005454,98222830.0,rs932918n00
0,0.46156076,71791950.0,rs932919n00
0,0.3753489,48794092.0,rs932920n00
2073,0.7427402,37047180.0,rs932921n00
10865,0.9454373,30651600.0,rs932922n00
31,0.59551054,32077240.0,rs932923n00
9262,1.0,32291736.0,rs932924n00
37920,1.0,35702464.0,rs932925n00
12456,0.99823153,53722744.0,rs932926n00
0,0.7511223,107056584.0,rs932927n00
0,0.4094243,109936110.0,rs932928n00
0,0.65715873,119230660.0,rs933001n00
27813,1.0,86823016.0,rs933002n00
64280,1.0,70292216.0,rs933003n00
18530,0.97844464,131358220.0,rs933004n00
0,0.7253508,220634430.0,rs933005n00
0,0.7705193,388381440.0,rs933006n00
0,0.55303824,204251180.0,rs933007n00
0,0.5098956,131377170.0,rs933008n00
0,0.69614613,102639900.0,rs933009n00
0,0.82008547,74825064.0,rs933010n00
8665,0.96238965,52380036.0,rs933011n00
4717,0.9664526,89312540.0,rs933012n00
0,0.44762534,123997920.0,rs933013n00
0,0.5217815,89349320.0,rs933014n00
0,0.47615722,56744550.0,rs933015n00
0,0.56692654,40875520.0,rs933016n00
3753,0.9227767,36941380.0,rs933017n00
0,0.3650926,44284652.0,rs933018n00
4690,0.74162173,39608636.0,rs933019n00
1003,0.72862756,38716364.0,rs933020n00
0,0.7433429,46733384.0,rs933021n00
0,0.61325425,91454584.0,rs933022n00
240,0.8865763,58344530.0,rs933101n00
234,0.9009108,86129890.0,rs933102n00
0,0.69592667,107320240.0,rs933103n00
0,0.7085278,212956130.0,rs933104n00
0,0.67992824,172985140.0,rs933105n00
0,0.47197956,135849440.0,rs933106n00
0,0.63063604,126055690.0,rs933107n00
0,0.63430506,126005550.0,rs933108n00
0,0.54371995,113923096.0,rs933109n00
0,0.57061714,69912320.0,rs933110n00
0,0.45482394,48313296.0,rs933111n00
0,0.3933918,42100610.0,rs933112n00
0,0.47802162,51641884.0,rs933113n00
582,0.7674568,49572480.0,rs933114n00
0,0.5778779,45920904.0,rs933115n00
0,0.5315977,50320132.0,rs933116n00
1400,0.99076515,83413864.0,rs933201n00
0,0.7790265,126072456.0,rs933202n00
0,0.7950586,136941380.0,rs933203n00
0,0.64691395,82583100.0,rs933204n00
0,0.4189148,73817670.0,rs933205n00
0,0.37896642,61585884.0,rs933206n00
0,0.48731336,54294916.0,rs933207n00
0,0.622209,65179560.0,rs933208n00
1537,0.9135691,73797090.0,rs933209n00
16890,1.0,65477280.0,rs933210n00
0,0.5898207,92961910.0,rs933301n00
